path,text,end_first_segment,PG_BRAND,COTERIE_BRAND,HEALTHYBABY_BRAND,HONEST_BRAND,HUGGIES_BRAND,KUDOSTOBABY_BRAND,LUVS_BRAND,MYMILLIEMOON_BRAND,PAMPERSUS_BRAND,RASCALSBABY_BRAND,THENINJAMAS_BRAND,GENERAL_HOOK,NEGATIVE_HOOK
results/mymilliemoon/DBPzDigtYKm_2024-10-18_01-20-00_UTC.wav, Thank you.,29.98,False,False,False,False,False,False,False,False,False,False,False,,
results/mymilliemoon/C4dnb2iRGj__2024-03-13_17-27-32_UTC.wav, Come shop with me at Target to buy the diapers we've been using for the last three years.,5.18,False,False,False,False,False,False,False,False,False,False,False,False,False
results/mymilliemoon/C8XyNnyv-oF_2024-06-18_21-14-49_UTC.wav, This is everything I keep in my Kara diaper bag as a first time mom with a five week old.,4.26,False,False,False,False,False,False,False,False,False,False,False,False,False
results/mymilliemoon/C_wHWYvyrZy_2024-09-10_21-31-25_UTC_1.wav, Breastfeeding truly is a full-time job and I spend a lot of time in one spot. One of my top,4.78,False,False,False,False,False,False,False,False,False,False,False,False,False
results/mymilliemoon/C379j90r-IJ_2024-02-29_15-53-11_UTC.wav, I have found the best way to have your babies and toddlers sleeping through the night. Let me put you on.,5.9,False,False,False,False,False,False,False,False,False,False,False,False,False
results/mymilliemoon/DBRrUMBySnN_2024-10-18_18-53-26_UTC.wav," Hey guys, let me show you the number one gift to bring to the baby shower.",3.68,False,False,False,False,False,False,False,False,False,False,False,False,False
results/mymilliemoon/C9FjL_nx-fg_2024-07-06_15-45-34_UTC.wav, hey guys let's do lyrics bedtime routine using our organic cotton and camo wool sleep sack from,6.8,False,False,False,False,False,False,False,False,False,False,False,,
results/honest/C_gC5QvvaXR_2024-09-04_15-58-14_UTC_1.wav, Both of my kids have sensitive skin and we love using Honest products.,5.24,False,False,False,True,False,False,False,False,False,False,False,False,False
results/honest/C6tnbX9L1fl_2024-05-08_15-37-02_UTC_1.wav," One of my goals as a new mama was to use cloth diapers, but I was always intimidated.",4.68,False,False,False,False,False,False,False,False,False,False,False,False,False
results/honest/C_3AyLsAfFS_2024-09-13_13-55-19_UTC.wav," From day one, Honest Diapers and Wipes have been the only ones that I've ever trusted for my children.",4.94,False,False,False,True,False,False,False,False,False,False,False,False,False
results/honest/C_3gPfOxk_y_2024-09-13_18-23-16_UTC_2_1.wav, Thank you.,29.98,False,False,False,False,False,False,False,False,False,False,False,,
results/honest/C97rNAxORw8_2024-07-27_16-19-02_UTC_1.wav," Okay, just look at my baby then versus my baby now.",3.24,False,False,False,False,False,False,False,False,False,False,False,False,False
results/honest/C6-EfczujCO_2024-05-15_00-59-41_UTC_1.wav, Thank you.,29.98,False,False,False,False,False,False,False,False,False,False,False,,
results/honest/C-y6e8tpeOr_2024-08-18_03-08-10_UTC.wav, You know what time it is.,5.2,False,False,False,False,False,False,False,False,False,False,False,False,False
results/honest/C9cndzQMDO-_2024-07-15_14-45-52_UTC_1.wav, Here is our nap routine for my one-year-old daughter with Honest.,3.2600000000000002,False,False,False,True,False,False,False,False,False,False,False,False,False
results/honest/C2-8LJHPO9-_2024-02-05_23-11-48_UTC.wav," Be honest, who else is ready to take their clothes off as soon as they walk through the door?",4.36,False,False,False,True,False,False,False,False,False,False,False,False,False
results/honest/C_iohqoPRuP_2024-09-05_15-52-48_UTC_1.wav," I never believed in putting down baby drowsy but awake, but I kept trying and it worked.",4.44,False,False,False,False,False,False,False,False,False,False,False,False,False
results/honest/C2sZ8cTpzQ-_2024-01-29_18-20-07_UTC_1.wav, Thank you.,29.98,False,False,False,False,False,False,False,False,False,False,False,,
results/honest/C9-Apt8JH7f_2024-07-28_13-59-07_UTC_5_1.wav, Yeah.,0.48,False,False,False,False,False,False,False,False,False,False,False,False,False
results/honest/C7E7GCjJody_2024-05-17_16-51-33_UTC_1.wav, Thank you.,29.98,False,False,False,False,False,False,False,False,False,False,False,,
results/honest/C-v-eaeAseo_2024-08-16_23-43-02_UTC.wav," My son loves bubble baths and thanks to Anna's sensitive bubble bath and skincare, I get to enjoy",4.98,False,False,False,False,False,False,False,False,False,False,False,False,False
results/honest/C3F6eJUMTmT_2024-02-08_16-01-16_UTC_1.wav," After a long day of playing, get ready with us as we unwind for the night.",2.8000000000000003,False,False,False,False,False,False,False,False,False,False,False,False,False
results/honest/C__xV9Gyls3_2024-09-16_23-30-36_UTC.wav," As a busy working mom, I always make sure to stay connected with my kids.",4.92,False,False,False,False,False,False,False,False,False,False,False,False,False
results/honest/C-3kELxSbx9_2024-08-19_22-26-52_UTC.wav, Come spend a day in your life with me and my six-month-old.,2.4,False,False,False,False,False,False,False,False,False,False,False,False,False
results/honest/C5dvPsPuj-u_2024-04-07_15-08-38_UTC.wav, They never had a pretty girl from Jo'burg,3.1,False,False,False,False,False,False,False,False,False,False,False,False,False
results/honest/C-Tkr4oJApf_2024-08-05_22-59-51_UTC.wav," If your baby suffers from dry chapped skin, you are not alone.",3.18,False,False,False,False,False,False,False,False,False,False,False,False,False
results/honest/C__pzQhpr1M_2024-09-16_22-23-00_UTC_1.wav," Get ready with Kaya for our family photo shoot, starting with a fresh diaper change with honest, clean-conscious diapers.",5.5,False,False,False,True,False,False,False,False,False,False,False,False,False
results/honest/C7HbfzpuQW-_2024-05-18_16-13-18_UTC_1.wav, Thank you.,29.98,False,False,False,False,False,False,False,False,False,False,False,,
results/honest/C9Vs2BpvGl9_2024-07-12_22-16-49_UTC.wav, our evening routine with our four month old at five we wake him up from his nap and change him,4.0,False,False,False,False,False,False,False,False,False,False,False,False,False
results/honest/C9ugVHiuE7H_2024-07-22_13-28-43_UTC.wav," Thank you, everyone.",3.88,False,False,False,False,False,False,False,False,False,False,False,False,False
results/honest/C3blRYlg7cY_2024-02-17_01-59-31_UTC_1.wav, What's in my bag?,1.02,False,False,False,False,False,False,False,False,False,False,False,False,False
results/honest/C-vk3Z0uQv__2024-08-16_19-59-35_UTC_1.wav," Five kids, two under two, let's start the day.",2.5,False,False,False,False,False,False,False,False,False,False,False,False,False
results/honest/C5RJLagLDOB_2024-04-02_17-53-47_UTC_1.wav, Oh,2.0,False,False,False,False,False,False,False,False,False,False,False,False,False
results/honest/Cz98vlUM7PN_2023-11-23_00-13-19_UTC.wav, Maybe it's the air out here,2.52,False,False,False,False,False,False,False,False,False,False,False,False,False
results/honest/C-n6rWzyQzZ_2024-08-13_20-37-36_UTC.wav," If you're a parent and you love adorable new baby products, this video is for you.",3.5,False,False,False,False,False,False,False,False,False,False,False,False,False
results/honest/C9umSZnOhje_2024-07-22_14-20-39_UTC.wav, Thank you.,29.98,False,False,False,False,False,False,False,False,False,False,False,,
results/honest/C2--VsQgp6-_2024-02-05_23-18-51_UTC_1.wav, Do you mind?,21.64,False,False,False,False,False,False,False,False,False,False,False,,
results/honest/C2Ir_P-OOYf_2024-01-15_21-19-15_UTC_1.wav, Thank you.,29.98,False,False,False,False,False,False,False,False,False,False,False,,
results/honest/C3NftnLA4dS_2024-02-11_14-41-07_UTC.wav, What's in my diaper bag but winter edition.,2.06,False,False,False,False,False,False,False,False,False,False,False,False,False
results/honest/C_DyMjbP7zA_2024-08-24_16-20-46_UTC_1.wav, come get ready with me and my six month old after she gets up in the morning and before she goes,4.8,False,False,False,False,False,False,False,False,False,False,False,False,False
results/honest/C-WAF86ygZF_2024-08-06_21-38-49_UTC.wav," As a new mom, one of the things I've had to learn is figuring out a good bedtime routine.",3.68,False,False,False,False,False,False,False,False,False,False,False,False,False
results/honest/C3Qqr9OSbLJ_2024-02-12_20-19-14_UTC_1.wav, I love creating a calming bedtime routine for my little one.,2.34,False,False,False,False,False,False,False,False,False,False,False,False,False
results/honest/DBOy2gXPWhk_2024-10-17_16-03-04_UTC_1.wav, Bath time with my sweet Comsi is a treasured part of our day.,2.9,False,False,False,False,False,False,False,False,False,False,False,False,False
results/honest/C-VIgozxD5N_2024-08-06_13-34-28_UTC.wav, I remember bringing my first baby home from the hospital and this time of night being so hard for us.,4.4,False,False,False,False,False,False,False,False,False,False,False,False,False
results/honest/C_Om9hkOLKq_2024-08-28_21-14-30_UTC.wav," in my postpartum era with five kids and two under two. Even though my day starts all at once,",5.68,False,False,False,False,False,False,False,False,False,False,False,False,False
results/honest/C7g5McJg9zf_2024-05-28_13-34-39_UTC.wav, Here's a look into my evening with my five-month-old.,2.2,False,False,False,False,False,False,False,False,False,False,False,False,False
results/honest/C7O3lAuuKU6_2024-05-21_13-34-33_UTC_1.wav," Tonight, I am solo parenting, so here's what a typical evening in my life looks like.",3.54,False,False,False,False,False,False,False,False,False,False,False,False,False
results/honest/C9LoDHQPWt__2024-07-09_00-26-28_UTC_1.wav, I feel like most moms can agree that it's truly the everyday moments that are the most meaningful.,4.12,False,False,False,False,False,False,False,False,False,False,False,False,False
results/honest/C9LqP_Qs-Wn_2024-07-09_00-41-45_UTC.wav, Join me for an honest bath time routine with three kids.,2.88,False,False,False,True,False,False,False,False,False,False,False,False,False
results/honest/C5V5rSFL72n_2024-04-04_14-05-01_UTC_1.wav, Can I share an honest moment with you?,1.36,False,False,False,True,False,False,False,False,False,False,False,False,False
results/honest/C-9IvCONxeT_2024-08-22_02-29-02_UTC_1.wav," Got my books and got my dreams, hey, hey, hey, hey, hey.",6.28,False,False,False,False,False,False,False,False,False,False,False,,
results/honest/C-vV1mnP6f6_2024-08-16_17-48-10_UTC_1.wav," Being a working mom is hard, but I make sure I spend quality time with my family.",5.24,False,False,False,False,False,False,False,False,False,False,False,False,False
results/honest/C-3imc3JxGA_2024-08-19_22-13-07_UTC.wav," It's time for bed, and here's how we quickly tackle our baby's nighttime routine together,",3.7800000000000002,False,False,False,False,False,False,False,False,False,False,False,True,False
results/rascalsbaby/DCPLAC9PGME_2024-11-11_16-02-46_UTC.wav, diaper bag restock time and you know we are stocking a diaper bag with rascals and 99% water,4.64,False,False,False,False,False,False,False,False,False,True,False,False,False
results/rascalsbaby/C_Qsbf6gRso_2024-08-29_16-39-45_UTC.wav, Thank you.,29.98,False,False,False,False,False,False,False,False,False,False,False,,
results/rascalsbaby/DBghIWMxwk3_2024-10-24_13-12-05_UTC_1.wav," buy wipes and then think to yourself, didn't I just buy wipes? But then you quickly realize",4.5,False,False,False,False,False,False,False,False,False,False,False,False,False
results/rascalsbaby/C-RAm4us5PJ_2024-08-04_23-07-09_UTC_1.wav," get poo catchers with us. I kid you not, the moment I tried these, I did not want to go back to a",5.16,False,False,False,False,False,False,False,False,False,False,False,False,False
results/rascalsbaby/C-n068VSpzb_2024-08-13_19-45-28_UTC.wav," Our favorite diapers have a brand new look. Rascals has rebranded their packaging, but it is the same incredible diapers and wipes.",6.9,False,False,False,False,False,False,False,False,False,True,False,,
results/rascalsbaby/C_wGKhSyaeC_2024-09-10_21-24-38_UTC_1.wav, Rascal Tournament Pants.,2.24,False,False,False,False,False,False,False,False,False,True,False,False,False
results/rascalsbaby/C-ajqqOsTWb_2024-08-08_16-09-12_UTC.wav, Thank you.,29.98,False,False,False,False,False,False,False,False,False,False,False,,
results/rascalsbaby/DARulbQMumm_2024-09-23_22-50-33_UTC.wav," If you've been wanting to try Rascals, now is the perfect time as new shoppers can save up to $5 for the Ibotta app.",5.64,False,False,False,False,False,False,False,False,False,True,False,False,False
results/rascalsbaby/C-2_jPcpIiF_2024-08-19_17-09-21_UTC.wav, Say hello to Rascal.,1.0,False,False,False,False,False,False,False,False,False,True,False,False,False
results/rascalsbaby/C-TNI3DybX3_2024-08-05_19-34-50_UTC_1.wav,ть,8.620000000000001,False,False,False,False,False,False,False,False,False,False,False,,
results/huggies/C9ygmmVoAfO_2024-07-24_02-47-31_UTC.wav, Thank you.,29.98,False,False,False,False,False,False,False,False,False,False,False,,
results/huggies/C2aUCVtL22X_2024-01-22_17-36-22_UTC.wav," And she said, I want something that I want",3.04,False,False,False,False,False,False,False,False,False,False,False,False,False
results/huggies/C9kga3tOm3k_2024-07-18_16-18-50_UTC_1.wav, Come grab some diapers with me.,1.22,False,False,False,False,False,False,False,False,False,False,False,False,False
results/huggies/C_luKhJvW8i_2024-09-06_20-41-49_UTC_1.wav, Maya is three months old and we have hit a new milestone and that is laughing and smiling.,4.66,False,False,False,False,False,False,False,False,False,False,False,False,False
results/huggies/C1Kd7zlRSXh_2023-12-22_17-25-01_UTC_1.wav," Hi everyone. As I hope you know, I would never endorse any product if I hadn't used it and liked it.",7.54,False,False,False,False,False,False,False,False,False,False,False,,
results/huggies/C6w9yHNOwEa_2024-05-09_22-51-18_UTC.wav, First time traveling with three little kids was definitely an adventure.,2.84,False,False,False,False,False,False,False,False,False,False,False,False,False
results/huggies/C2k-TsLRzzG_2024-01-26_20-59-28_UTC.wav," As a busy new mom, I'm always looking for ways to save time while also keeping my baby happy and healthy.",4.94,False,False,False,False,False,False,False,False,False,False,False,False,False
results/huggies/C9t-6AexFjh_2024-07-22_08-40-26_UTC.wav," In partnership with Huggies, unboxed with Shiloh and me new Huggies Skin Essentials diapers.",5.4,False,False,False,False,True,False,False,False,False,False,False,False,False
results/huggies/C14xrwSLLbh_2024-01-09_17-02-13_UTC.wav, you recommend for baby skincare well as a dermatologist and first-time mom keeping my,4.48,False,False,False,False,False,False,False,False,False,False,False,False,False
results/huggies/C662tvXuuWH_2024-05-13_19-01-11_UTC_1.wav, partner with Huggies to share Isla's bedtime routine. Now bedtime looks a little different,4.0,False,False,False,False,True,False,False,False,False,False,False,False,False
results/huggies/C8ptX6vSjxD_2024-06-25_20-15-41_UTC_1.wav, get unready with me and my baby after we went on a date night. Huggies just launched their new,3.66,False,False,False,False,True,False,False,False,False,False,False,False,False
results/huggies/C8INr-lPv2-_2024-06-12_20-04-31_UTC.wav, Are you tired of blowouts?,1.84,False,False,False,False,False,False,False,False,False,False,False,False,False
results/huggies/C6tzop_JXBE_2024-05-08_17-24-38_UTC_1.wav, guys i am officially a part of the huggies we got you baby crew this is a crew of parent influencers,6.8,False,False,False,False,True,False,False,False,False,False,False,,
results/huggies/C1APqVSJ_7p_2023-12-18_18-10-10_UTC.wav," Hi, everybody.",1.26,False,False,False,False,False,False,False,False,False,False,False,False,False
results/huggies/C8xYDlTyoLl_2024-06-28_19-42-52_UTC.wav, I'm about to be a mom of three and this is a mom hack I wish I would have known as a first time mom.,4.2,False,False,False,False,False,False,False,False,False,False,False,True,False
results/huggies/C2a-zeGMagH_2024-01-22_23-52-15_UTC_1.wav, Get ready with me and my baby girls for the day. I usually get my babies ready after their morning,4.68,False,False,False,False,False,False,False,False,False,False,False,False,False
results/huggies/C-dVesRynk8_2024-08-09_17-58-23_UTC_1.wav, Listen baby,7.66,False,False,False,False,False,False,False,False,False,False,False,,
results/huggies/C-I3OWdSv5q_2024-08-01_19-12-46_UTC.wav, I am partnering with Huggies to share with you guys their Skin Essentials diaper.,3.46,False,False,False,False,True,False,False,False,False,False,False,False,False
results/huggies/C7E9xNpubJs_2024-05-17_17-17-11_UTC_1.wav," You guys are not gonna believe this, but me and Zaire got chosen to be part of the Huggies We Got You Baby Crew, and we are now their newest ambassadors.",5.94,False,False,False,False,True,False,False,False,False,False,False,False,False
results/huggies/C5OSeeOscCt_2024-04-01_15-06-55_UTC_1.wav, Thank you.,29.98,False,False,False,False,False,False,False,False,False,False,False,,
results/huggies/C-Vt9s8uwNN_2024-08-06_18-59-50_UTC_1.wav," With a new baby in the family, I know my toddler's world just changed forever.",3.56,False,False,False,False,False,False,False,False,False,False,False,False,False
results/huggies/C9-Apt8JH7f_2024-07-28_13-59-07_UTC_5_1.wav, Bye.,1.92,False,False,False,False,False,False,False,False,False,False,False,False,False
results/huggies/C7UVpgGprqr_2024-05-23_16-32-18_UTC_1.wav," I ain't never represent, baby",2.92,False,False,False,False,False,False,False,False,False,False,False,False,False
results/huggies/C8FJXY7xELL_2024-06-11_15-27-51_UTC.wav," As we get ready to become parents of two, I think back to all those firsts with our firstborn.",4.5,False,False,False,False,False,False,False,False,False,False,False,False,False
results/huggies/C-BBFvfyQ8s_2024-07-29_18-02-33_UTC.wav, I finally found a diaper that helps protect baby girl's delicate skin.,2.98,False,False,False,False,False,False,False,False,False,False,False,False,False
results/huggies/DBRyP_qOzcK_2024-10-18_19-56-06_UTC.wav, Thank you.,29.98,False,False,False,False,False,False,False,False,False,False,False,,
results/huggies/C669hlRxgTQ_2024-05-13_20-03-09_UTC_1.wav, I have two mom pet peeves.,1.92,False,False,False,False,False,False,False,False,False,False,False,False,False
results/huggies/C6uANqdxpq0_2024-05-08_19-27-38_UTC.wav, Let's go.,1.5,False,False,False,False,False,False,False,False,False,False,False,False,False
results/huggies/DBpm5KIoGiG_2024-10-28_01-57-35_UTC_1.wav," I can't believe I'm saying this, but Maya is already five months old.",3.72,False,False,False,False,False,False,False,False,False,False,False,False,False
results/huggies/C9SheoqMXc5_2024-07-11_16-40-44_UTC_1.wav," With baby number 5 on the way, I've tried just about every product out there.",3.12,False,False,False,False,False,False,False,False,False,False,False,False,False
results/huggies/C7jwDHbJbTk_2024-05-29_16-11-18_UTC_1.wav, Hee hee hee hee hee hee hee hee hee,5.8,False,False,False,False,False,False,False,False,False,False,False,False,False
results/huggies/C2L1PcYrdjW_2024-01-17_02-39-23_UTC_1.wav, Hi everyone. I hope you know I would never endorse a product unless I've used it and liked it.,5.2,False,False,False,False,False,False,False,False,False,False,False,False,False
results/huggies/C8vUwWxRYje_2024-06-28_00-36-06_UTC.wav, Where are my sensitive skin babies at?,1.6600000000000001,False,False,False,False,False,False,False,False,False,False,False,False,False
results/huggies/C7E5mMdOTnM_2024-05-17_16-38-54_UTC_1.wav," All right, y'all.",0.96,False,False,False,False,False,False,False,False,False,False,False,False,False
results/huggies/C79fGbFO5eY_2024-06-08_16-06-47_UTC.wav, Adding a little sister to the family brings so much excitement and a new world of firsts.,6.2,False,False,False,False,False,False,False,False,False,False,False,,
results/huggies/DCSE67jAles_2024-11-12_19-09-33_UTC.wav," My sister is expecting my nephew at the end of November,",2.08,False,False,False,False,False,False,False,False,False,False,False,False,False
results/huggies/C2La3UjvZ4u_2024-01-16_22-51-28_UTC_1.wav," As I'm doing my skincare, look at what the boys got.",3.04,False,False,False,False,False,False,False,False,False,False,False,False,False
results/huggies/C_LobwOOonC_2024-08-27_17-30-07_UTC_1.wav," From the very start of our dad journey, Huggies was with us every step of the way.",3.7800000000000002,False,False,False,False,True,False,False,False,False,False,False,False,False
results/huggies/C_OZ-zayDHG_2024-08-28_19-21-08_UTC.wav, get unready with us as parents of a toddler after a long day and I'm gonna tell you that there is,4.12,False,False,False,False,False,False,False,False,False,False,False,False,False
results/huggies/C0mgUu3ugah_2023-12-08_18-13-11_UTC_1.wav," It's for you, my dear, to make it clear you're my everything.",8.68,False,False,False,False,False,False,False,False,False,False,False,,
results/huggies/C687-D5OtXf_2024-05-14_14-26-47_UTC_1.wav," different ways you can change your baby on the go. Really, all that you need is a good changing pad,",3.46,False,False,False,False,False,False,False,False,False,False,False,False,False
results/huggies/C7ubuJJS8Id_2024-06-02_19-46-22_UTC_1.wav, question for everybody. Who wants to go to the Four Seasons Orlando?,6.72,False,False,False,False,False,False,False,False,False,False,False,,
results/huggies/C6xb9OxL3K2_2024-05-10_03-14-31_UTC.wav, Good morning my little sweet baby.,2.0,False,False,False,False,False,False,False,False,False,False,False,False,False
results/huggies/C-TCddTyYQ2_2024-08-05_17-59-35_UTC.wav," Expecting Mamas, this is the setup that you need for your newborn baby.",3.52,False,False,False,False,False,False,False,False,False,False,False,False,False
results/huggies/C8Fh47EPuSm_2024-06-11_19-05-03_UTC_1.wav, love a good old costco run but this time for diapers let's talk about those first few diaper,4.68,False,False,False,False,False,False,False,False,False,False,False,False,False
results/huggies/C4Q2MLaPuyO_2024-03-08_18-25-31_UTC_1.wav, You guys know by now that our bedtime routine is our favorite part of the day.,2.88,False,False,False,False,False,False,False,False,False,False,False,False,False
results/huggies/DBKb9d1OPtI_2024-10-15_23-27-25_UTC.wav, We're so incredibly lucky to be a part of the We Got You Baby crew because that means being able to gift an amazing PR package to another young mom.,6.5,False,False,False,False,False,False,False,False,False,False,False,,
results/huggies/C90D8cPvFyx_2024-07-24_17-17-12_UTC.wav, ready for bed with us i'm partnering with huggies using the new skin essentials diaper i'm very picky,4.6000000000000005,False,False,False,False,True,False,False,False,False,False,False,False,False
results/huggies/C6sB_TjsIgK_2024-05-08_00-53-21_UTC.wav, I've learned a thing or two being a third time mom.,2.06,False,False,False,False,False,False,False,False,False,False,False,False,False
results/huggies/C6rxtEdx_Vg_2024-05-07_22-28-37_UTC.wav, how to build a baby skincare routine without using skincare from a dermatologist if your baby is,7.58,False,False,False,False,False,False,False,False,False,False,False,,
results/huggies/C-8IXdRvK0S_2024-08-21_16-59-38_UTC.wav, Do you see how my newborn baby uses Huggies little snugglers with up to 12 hours of leak protection?,5.44,False,False,False,False,True,False,False,False,False,False,False,False,False
results/huggies/C7Rv6NquyoR_2024-05-22_16-24-36_UTC_1.wav, I thought I'd use baby wipes for,2.16,False,False,False,False,False,False,False,False,False,False,False,False,False
results/huggies/C87zZpiS232_2024-07-02_20-54-17_UTC.wav, um,12.24,False,False,False,False,False,False,False,False,False,False,False,,
results/huggies/DARj507OHuk_2024-09-23_21-18-04_UTC_1.wav, Thank you.,29.98,False,False,False,False,False,False,False,False,False,False,False,,
results/huggies/C53oPisRA7v_2024-04-17_16-25-33_UTC_1.wav, I pack my hospital bag with me as a fifth time mom.,2.0,False,False,False,False,False,False,False,False,False,False,False,False,False
results/huggies/C6uxFzArosP_2024-05-09_02-21-20_UTC.wav, My daughter's four months old and has a skincare routine.,2.34,False,False,False,False,False,False,False,False,False,False,False,False,False
results/huggies/DAWRN8CJdir_2024-09-25_17-09-51_UTC_1.wav, Let's get ready for a little pool day.,1.8,False,False,False,False,False,False,False,False,False,False,False,False,False
results/huggies/C-8HR2RPmUl_2024-08-21_16-53-36_UTC_1.wav, We just got home from being gone all day and I had to come on here and share with my fellow mama something very important,4.74,False,False,False,False,False,False,False,False,False,False,False,False,False
results/huggies/C-LgA6gS14l_2024-08-02_19-45-11_UTC_1.wav," Nia has swim lessons today, so let's pack her bag.",2.18,False,False,False,False,False,False,False,False,False,False,False,False,False
results/huggies/DBZ74y1OdGW_2024-10-21_23-55-46_UTC_1.wav," It's time to pack our daughter for our three-week trip, and believe me when I tell you that I'm bringing all of our favorites.",4.34,False,False,False,False,False,False,False,False,False,False,False,False,False
results/huggies/C87sZp5PZ7b_2024-07-02_19-53-15_UTC.wav, Let's restock some dappers.,2.0,False,False,False,False,False,False,False,False,False,False,False,False,False
results/huggies/DAlSAqUOXXj_2024-10-01_13-06-19_UTC.wav," My really good friend Dr. Dina is here,",2.06,False,False,False,False,False,False,False,False,False,False,False,False,False
results/huggies/DAbFMumObCv_2024-09-27_14-01-31_UTC.wav, There's my girl. Thank you girl. Yeah.,5.0,False,False,False,False,False,False,False,False,False,False,False,False,False
results/huggies/C3imYV3vKKS_2024-02-19_19-23-52_UTC_1.wav," Everybody's talking about girl math, but I want to talk about parent math.",2.8000000000000003,False,False,False,False,False,False,False,False,False,False,False,False,False
results/huggies/C7kFXYMvY4C_2024-05-29_19-21-05_UTC_1.wav," It is officially summer break, which means we have a lot of fun trips coming up soon.",3.42,False,False,False,False,False,False,False,False,False,False,False,False,False
results/huggies/C93l-StP826_2024-07-26_02-11-25_UTC_1.wav, I'm partnering with Huggies who has just launched the Skin Essentials collection and it has become a big part of our routine.,5.72,False,False,False,False,True,False,False,False,False,False,False,False,False
results/huggies/DAHMQrUJtJn_2024-09-19_20-39-41_UTC.wav, I am so excited because today I am getting to surprise one of my followers with a surprise and delight box on behalf of Huggies.,8.58,False,False,False,False,True,False,False,False,False,False,False,,
results/huggies/C9kgqSaP9bA_2024-07-18_16-32-19_UTC_1.wav, Thank you.,29.98,False,False,False,False,False,False,False,False,False,False,False,,
results/huggies/DBR-tY8yGVJ_2024-10-18_21-44-22_UTC.wav, Let's get ready for bedtime.,1.22,False,False,False,False,False,False,False,False,False,False,False,False,False
results/huggies/C_JFvg5SKxJ_2024-08-26_17-47-51_UTC.wav, I recently gave birth to my fifth baby and now our morning routine starts a little differently.,3.62,False,False,False,False,False,False,False,False,False,False,False,False,False
results/huggies/C19zq-Bx1AB_2024-01-11_15-56-28_UTC.wav, Introducing you to this limited edition Huggies skincare kit.,3.2800000000000002,False,False,False,False,True,False,False,False,False,False,False,False,False
results/huggies/C6wnJvyRGdQ_2024-05-09_19-40-05_UTC.wav, Do you guys remember your baby's first blowout? Because I do. It was literally the worst.,5.66,False,False,False,False,False,False,False,False,False,False,False,False,False
results/huggies/C9nOAW7JrHu_2024-07-19_17-34-26_UTC_1.wav, Ready with me for our nighttime routine.,1.84,False,False,False,False,False,False,False,False,False,False,False,False,False
results/huggies/C9lWPVKuz-F_2024-07-19_00-09-18_UTC_1.wav, I'm about to restock the diaper drawer and talk to you guys a little bit about diaper rash.,3.22,False,False,False,False,False,False,False,False,False,False,False,False,False
results/huggies/C9u0JbnPtTl_2024-07-22_16-24-04_UTC.wav, I'm trying to prep my youngest to become a big brother because he's going to be one soon.,3.12,False,False,False,False,False,False,False,False,False,False,False,False,False
results/huggies/C-IjfBpRcFo_2024-08-01_16-22-42_UTC.wav, I seriously cannot believe that Maya is already two months old.,2.7600000000000002,False,False,False,False,False,False,False,False,False,False,False,False,False
results/huggies/C9DxcNBOvEN_2024-07-05_23-11-28_UTC.wav, I'm a little overwhelmed with the registry.,1.6,False,False,False,False,False,False,False,False,False,False,False,False,False
results/huggies/C0PdABPv64r_2023-11-29_19-40-19_UTC_1.wav, Sell little mama a two morning routine.,1.6400000000000001,False,False,False,False,False,False,False,False,False,False,False,False,False
results/huggies/C2fSOj0ssBC_2024-01-24_15-59-41_UTC.wav, Thank you.,29.98,False,False,False,False,False,False,False,False,False,False,False,,
results/huggies/DBhJ45wNr1r_2024-10-24_19-07-52_UTC.wav, Turn left onto Washington Boulevard.,6.5600000000000005,False,False,False,False,False,False,False,False,False,False,False,,
results/huggies/C5EN-hWLUmw_2024-03-28_17-19-34_UTC.wav, Let's make a special moment with Jewel Osco.,2.2800000000000002,False,False,False,False,False,False,False,False,False,False,False,False,False
results/huggies/C2fIdPWLJqy_2024-01-24_14-33-51_UTC_1.wav, Do you know any moms that could use a surprise grocery delivery valued at over $500?,3.94,False,False,False,False,False,False,False,False,False,False,False,False,False
results/huggies/C3pzW3TsmvN_2024-02-22_14-31-35_UTC_1.wav," The days are long, the years are short, and motherhood is never a straight path.",7.0,False,False,False,False,False,False,False,False,False,False,False,,
results/huggies/DCVK1-ES41K_2024-11-13_23-57-26_UTC.wav, November is the time for giving back.,1.28,False,False,False,False,False,False,False,False,False,False,False,False,False
results/huggies/DBRaZMjyWx__2024-10-18_16-26-15_UTC.wav," As a mom, one of the worst feelings is when your kids aren't feeling well.",2.6,False,False,False,False,False,False,False,False,False,False,False,False,False
results/huggies/C_YaPBlOHaf_2024-09-01_16-34-48_UTC.wav, Whoops.,1.2,False,False,False,False,False,False,False,False,False,False,False,False,False
results/huggies/C2iFd80vzdv_2024-01-25_18-04-34_UTC_1.wav," Good morning, we've got 10 minutes to get out of the house and before we start anything, we wipe down with Huggies Calm Wipes that offer a 4-in-1 benefit with each wipe to clean, hydrate, soothe, and replenish the skin.",8.76,False,False,False,False,True,False,False,False,False,False,False,,
results/huggies/C2z29pLMIcD_2024-02-01_15-43-54_UTC.wav, I'm a big believer in the idea of paying it forward.,2.36,False,False,False,False,False,False,False,False,False,False,False,False,False
results/huggies/C6uMM4hOVdw_2024-05-08_21-26-54_UTC_1.wav, Get ready with us for bedtime.,1.18,False,False,False,False,False,False,False,False,False,False,False,False,False
results/huggies/C4vRfrLsxhA_2024-03-20_14-01-19_UTC.wav," The days are long, the years are short, and motherhood is never a straight path.",7.0,False,False,False,False,False,False,False,False,False,False,False,,
results/huggies/C3vZXrdPYlX_2024-02-24_18-43-38_UTC_1.wav, February is one of my favorite months.,1.36,False,False,False,False,False,False,False,False,False,False,False,False,False
results/huggies/DBjp6oSP6yQ_2024-10-25_18-27-57_UTC_1.wav," You guys, I swear I blinked and now Zaire's a whole toddler.",2.34,False,False,False,False,False,False,False,False,False,False,False,False,False
results/huggies/C0J1e0OMM7J_2023-11-27_15-01-22_UTC_1.wav, My son has been growing like crazy and I can't believe it's already that time to move him up his size in diapers.,4.38,False,False,False,False,False,False,False,False,False,False,False,False,False
results/huggies/C6p5oAOLkSM_2024-05-07_05-04-42_UTC_1.wav," 1, 2, 3, 4...",2.0,False,False,False,False,False,False,False,False,False,False,False,False,False
results/huggies/C6aXid9rMb__2024-05-01_04-15-16_UTC_1.wav," Every time I look into the mirror, I say thank you God",2.9,False,False,False,False,False,False,False,False,False,False,False,False,False
results/huggies/C2A9zoMP_Uy_2024-01-12_21-22-31_UTC_1.wav," If you're a mom like me who just wants the best of the best for your babies, you're going to love the Huggies Calm Wipes.",4.96,False,False,False,False,True,False,False,False,False,False,False,False,False
results/huggies/Cz8bipmghft_2023-11-22_10-09-29_UTC.wav," When they say she get it from her mama, I'ma say you fucking right, body rude is unpolite, done being a humble type, tell me is you down?",20.68,False,False,False,False,False,False,False,False,False,False,False,,
results/huggies/DCSBtpby5V__2024-11-12_18-50-29_UTC.wav," Reflecting on our partnership with Huggies and Pull-Ups, I feel an immense sense of gratitude.",4.42,False,False,False,False,True,False,False,False,False,False,False,False,False
results/huggies/C12NWLVxWOJ_2024-01-08_17-05-27_UTC.wav, We're toddler parents. We're gonna half listen to you while we chase our toddlers around.,4.16,False,False,False,False,False,False,False,False,False,False,False,False,False
results/huggies/C3YFmUcMvW4_2024-02-15_17-24-24_UTC_1.wav, Did you know that one in two families experience diaper need?,3.2600000000000002,False,False,False,False,False,False,False,False,False,False,False,True,False
results/huggies/C88Iv-pOgW1_2024-07-03_00-01-42_UTC.wav, do a little nursery reset and restock i'm partnering with huggies because their skin essentials diaper,4.64,False,False,False,False,True,False,False,False,False,False,False,False,False
results/huggies/C2cuIoCReQM_2024-01-23_16-04-58_UTC_1.wav," You guys, how on brand is a mommy and me skincare routine?",4.08,False,False,False,False,False,False,False,False,False,False,False,False,False
results/huggies/C6wuhA4vqC4_2024-05-09_20-58-58_UTC_1.wav," Now that our twins are in bed, it's time to start our night routine with our baby boy.",2.98,False,False,False,False,False,False,False,False,False,False,False,False,False
results/huggies/C61N2jtOAy8_2024-05-11_14-28-10_UTC.wav," got one hand holding legs, blow out out the back, trying to manage two other kids. I need my wipes",3.88,False,False,False,False,False,False,False,False,False,False,False,False,False
results/huggies/C8ox3j7uxNl_2024-06-25_11-35-09_UTC.wav, This is a mom hack to help protect against the top two causes of diaper rash.,3.56,False,False,False,False,False,False,False,False,False,False,False,True,False
results/kudostobaby/DBWJz_xRP2Y_2024-10-20_12-36-18_UTC_1.wav, what I got my hands on. The amount of you that have been asking for this review is absolutely,3.42,False,False,False,False,False,False,False,False,False,False,False,False,False
results/luvs/C-1MqcxtRN4_2024-08-19_00-32-49_UTC_1.wav, loves just released their new loves platinum protection diapers and we're excited to partner,3.7600000000000002,False,False,False,False,False,False,False,False,False,False,False,False,False
results/luvs/C5B4Hq6plwu_2024-03-27_19-24-59_UTC_1.wav, Koala,15.8,False,False,False,False,False,False,False,False,False,False,False,,
results/luvs/C9fE_zQuIJQ_2024-07-16_13-41-15_UTC_1.wav," We get in, we get out, ready, break!",3.7800000000000002,False,False,False,False,False,False,False,False,False,False,False,False,False
results/luvs/DAHBZ0lviC7_2024-09-19_19-07-33_UTC_1.wav," Hola, hola. En un día de parque no puede faltar en el bulto de Amalia los snacks importantes.",4.42,False,False,False,False,False,False,False,False,False,False,False,False,False
results/luvs/DBT_TjZuVRy_2024-10-19_16-28-58_UTC_1.wav," We finally found a leak-proof diaper for our busy, busy toddler, and that is the Love's Platinum Protection.",6.94,False,False,False,False,False,False,False,False,False,False,False,,
results/luvs/DBhl_UJShgH_2024-10-24_23-14-29_UTC.wav," Whenever I get the chance, I love to surprise my husband with a cute date.",2.98,False,False,False,False,False,False,False,False,False,False,False,False,False
results/luvs/DA9HBGQyqM3_2024-10-10_19-13-59_UTC.wav, Let's go on a three-hour road trip with our six-month-old.,2.74,False,False,False,False,False,False,False,False,False,False,False,False,False
results/luvs/DBhRGUOSDcn_2024-10-24_20-12-39_UTC_1.wav, Spend a busy evening with us while we partner with Loves to test their new Platinum Protection diapers.,4.16,False,False,False,False,False,False,False,False,False,False,False,False,False
results/luvs/C-AVkOPu83I_2024-07-29_11-41-30_UTC.wav, I guarantee you one of the biggest mistakes you're making as a mom that wants to get out of the house every day is your diapers.,4.76,False,False,False,False,False,False,False,False,False,False,False,False,False
results/luvs/C9S_h87JjN-_2024-07-11_21-04-44_UTC_1.wav," As a Love's partner and veteran mom, I was thrilled when I walked into Walmart and saw new Love's Platinum Protection.",6.72,False,False,False,False,False,False,False,False,False,False,False,,
results/luvs/C4q0gF1pn8A_2024-03-18_20-32-54_UTC.wav," If you love Love's diapers and saving money, then I've got a deal for you.",4.72,False,False,False,False,False,False,False,False,False,False,False,False,False
results/luvs/DBtzE9WuSrx_2024-10-29_17-02-08_UTC.wav, Y'all come spend a family day with us.,1.9000000000000001,False,False,False,False,False,False,False,False,False,False,False,False,False
results/luvs/C5CGC03OT5K_2024-03-27_21-27-10_UTC.wav, Come with me to Walmart to grab one of the most important things that you can give a new mom.,4.5600000000000005,False,False,False,False,False,False,False,False,False,False,False,False,False
results/luvs/C9f-biYyiMk_2024-07-16_22-03-25_UTC.wav, New and improved Love's Platinum Protection diapers are now available at Walmart.,4.04,False,False,False,False,False,False,False,False,False,False,False,False,False
results/coterie/C7UrACsPIn__2024-05-23_19-38-17_UTC_3.wav, Come with me and you'll be in a world of imagination.,8.88,False,False,False,False,False,False,False,False,False,False,False,,
results/coterie/C3UKnCJM20g_2024-02-14_04-57-46_UTC_1.wav," Okay, here's part two of my son's nursery closet transformation. We picked up this over-the-door",4.62,False,False,False,False,False,False,False,False,False,False,False,False,False
results/coterie/C50yXdfrqN9_2024-04-16_13-57-06_UTC_1.wav, Here is everything I pack in my diaper bag for a newborn as a third time mom.,3.96,False,False,False,False,False,False,False,False,False,False,False,False,False
results/coterie/C_OPxz_pxZG_2024-08-28_17-51-08_UTC_1.wav," Hey honey, can you throw me a diaper? I think he needs changing.",3.22,False,False,False,False,False,False,False,False,False,False,False,False,False
results/coterie/C2FtxwBRDzg_2024-01-14_17-39-06_UTC_1.wav, Will we stay the same?,3.9,False,False,False,False,False,False,False,False,False,False,False,False,False
results/coterie/C-ENTmNu4LL_2024-07-30_23-47-31_UTC_1.wav, Thank you.,29.98,False,False,False,False,False,False,False,False,False,False,False,,
results/coterie/DBRyRfaRNVn_2024-10-18_19-54-52_UTC.wav, Thank you.,29.98,False,False,False,False,False,False,False,False,False,False,False,,
results/coterie/C69FLl1A2qw_2024-05-14_15-46-19_UTC.wav, followed by building Blimp in泥,2.36,False,False,False,False,False,False,False,False,False,False,False,False,False
results/coterie/C-Nbj5Ss_kr_2024-08-03_13-43-16_UTC_1.wav, Thank you.,29.98,False,False,False,False,False,False,False,False,False,False,False,,
results/coterie/C3Fs12rr5TK_2024-02-08_14-00-00_UTC.wav, I feel like it was just yesterday that I was nesting for my baby girl.,4.7,False,False,False,False,False,False,False,False,False,False,False,False,False
results/coterie/C7UrACsPIn__2024-05-23_19-38-17_UTC_5.wav, We're dancing in America!,2.0,False,False,False,False,False,False,False,False,False,False,False,False,False
results/coterie/C4n3p9buShE_2024-03-17_17-04-23_UTC.wav, girl is coming any day now so let's set up her dresser with these diapers from coterie these,3.84,False,True,False,False,False,False,False,False,False,False,False,False,False
results/coterie/C-V6tW3u8fR_2024-08-06_20-54-44_UTC_1.wav, Hey!,2.0,False,False,False,False,False,False,False,False,False,False,False,False,False
results/coterie/C-DXZgbOkpL_2024-07-30_15-54-25_UTC_1.wav, Thank you.,29.98,False,False,False,False,False,False,False,False,False,False,False,,
results/coterie/Cz7GuxfJQM4_2023-11-21_21-45-43_UTC.wav, Thank you.,29.98,False,False,False,False,False,False,False,False,False,False,False,,
results/coterie/DAi67vQOFfe_2024-09-30_15-04-09_UTC_1.wav," On the bottom, Paige.",2.08,False,False,False,False,False,False,False,False,False,False,False,False,False
results/coterie/C-sMKNjuCDh_2024-08-15_12-27-50_UTC.wav," Oh, I wasn't sad.",1.5,False,False,False,False,False,False,False,False,False,False,False,False,False
results/coterie/C3JZ0wivIqb_2024-02-10_00-36-19_UTC.wav, Abraham slowly,2.82,False,False,False,False,False,False,False,False,False,False,False,False,False
results/coterie/C8W-DrQAy5D_2024-06-18_13-43-52_UTC_1.wav," As a mom, I always expected there to be sleepless nights.",2.7600000000000002,False,False,False,False,False,False,False,False,False,False,False,False,False
results/coterie/C13K-t2oUAQ_2024-01-09_02-03-32_UTC_4_1.wav, Wow!,4.0,False,False,False,False,False,False,False,False,False,False,False,False,False
results/coterie/DA9WW8hqLPk_2024-10-10_21-25-48_UTC.wav," Hey guys, we partner with Love Every on their play kits and here Bella is playing with her favorite toy of the kit.",5.48,False,False,False,False,False,False,False,False,False,False,False,False,False
results/coterie/C5j1PoKgShq_2024-04-09_23-53-58_UTC.wav, Thank you.,29.98,False,False,False,False,False,False,False,False,False,False,False,,
results/coterie/C-YbFlAS_Qo_2024-08-07_20-11-12_UTC.wav, spend a weekend morning with us this morning we went to our local farmers market for some goodies,4.48,False,False,False,False,False,False,False,False,False,False,False,False,False
results/coterie/C6pdQHzNQwR_2024-05-07_00-51-00_UTC_1.wav," No necesito ponerme en forma. Yo ya soy una forma, ¿está bien?",4.84,False,False,False,False,False,False,False,False,False,False,False,False,False
results/coterie/C1zxtS8vCE7_2024-01-07_18-26-55_UTC_1.wav, People see me but they just don't know,2.86,False,False,False,False,False,False,False,False,False,False,False,False,True
results/coterie/C9u8T2oOucZ_2024-07-22_17-33-12_UTC_1.wav," As a new mom, sometimes it can feel difficult feeling like you're making the right decision.",4.14,False,False,False,False,False,False,False,False,False,False,False,False,False
results/coterie/C5Ootbmg-Yf_2024-04-01_18-20-58_UTC.wav, 40 days and 40 nights,3.16,False,False,False,False,False,False,False,False,False,False,False,False,False
results/coterie/C7SnXfEgTXf_2024-05-23_00-33-50_UTC.wav, Here's what I pack in my diaper bag as a toddler mom.,1.92,False,False,False,False,False,False,False,False,False,False,False,False,False
results/coterie/C-5_QPIyNVK_2024-08-20_21-17-52_UTC.wav, I just woke my baby up from a four hour nap.,2.42,False,False,False,False,False,False,False,False,False,False,False,False,False
results/coterie/C6q1DRvOxec_2024-05-07_13-38-16_UTC_1.wav, Thank you.,29.98,False,False,False,False,False,False,False,False,False,False,False,,
results/healthybaby.co/C0SJ2okxsRd_2023-11-30_20-32-54_UTC_1.wav," It can be a little overwhelming deciding what diaper brand to choose for your little one,",3.36,False,False,False,False,False,False,False,False,False,False,False,False,False
results/healthybaby.co/C3RCWt5Ol8A_2024-02-12_23-44-34_UTC.wav, Make sure I go,3.3000000000000003,False,False,False,False,False,False,False,False,False,False,False,False,False
results/healthybaby.co/C3Blevwuey0_2024-02-06_23-40-13_UTC_1.wav, Makes you wanna go,3.3000000000000003,False,False,False,False,False,False,False,False,False,False,False,False,False
results/healthybaby.co/C3NTFcRrinp_2024-02-11_12-50-32_UTC_1.wav, Makes you wanna go,2.96,False,False,False,False,False,False,False,False,False,False,False,False,False
results/pampersus/C7PtEmggi5l_2024-05-21_21-21-25_UTC.wav, Have you ever experienced your little one take off their diaper and make a mess everywhere?,3.58,False,False,False,False,False,False,False,False,False,False,False,False,False
results/pampersus/C3Sw-2jO7Iy_2024-02-13_15-47-14_UTC_1.wav, I drove through one of the craziest snowstorms ever just so I could fly to the Pampers headquarters.,3.42,False,False,False,False,False,False,False,False,False,False,False,False,False
results/pampersus/C7kmStouRTx_2024-05-30_00-05-47_UTC_1.wav," Have you ever entered your baby's room and found poop everywhere? Yep, that happened to me as a",4.88,False,False,False,False,False,False,False,False,False,False,False,False,False
results/pampersus/C9ygmmVoAfO_2024-07-24_02-47-31_UTC.wav, Thank you.,29.98,False,False,False,False,False,False,False,False,False,False,False,,
results/pampersus/C_34z4juj2N_2024-09-13_22-04-35_UTC.wav, I've been changing diapers for eight years.,3.6,False,False,False,False,False,False,False,False,False,False,False,False,False
results/pampersus/C-8ZINFJTN0_2024-08-21_19-27-10_UTC.wav," If you're looking for wipes that contain 0% alcohols, dyes, or fragrances that you can pick up at Stop and Shop, stop what you're doing.",6.0200000000000005,False,False,False,False,False,False,False,False,False,False,False,,
results/pampersus/C8xIf9ZOSLR_2024-06-28_17-28-23_UTC.wav," Hey guys, come spend the afternoon with me. I'm waking up from my afternoon nap.",2.88,False,False,False,False,False,False,False,False,False,False,False,False,False
results/pampersus/C69Ee2pJnBy_2024-05-14_15-39-48_UTC.wav, would have thought that pampers would help camp throw the biggest blueiest event ever and special,4.26,False,False,False,False,False,False,False,False,False,False,False,False,False
results/pampersus/C2hps6UgHby_2024-01-25_14-00-00_UTC_1.wav," I'm a Pampers mom. Of course I choose these Pampers over these, honey.",5.16,False,False,False,False,False,False,False,False,False,False,False,False,False
results/pampersus/C8qPsZfRr45_2024-06-26_01-15-15_UTC_1.wav, Let the potty training games begin.,1.62,False,False,False,False,False,False,False,False,False,False,False,False,False
results/pampersus/C8PSosPtwoY_2024-06-15_14-00-00_UTC_1.wav," Okay, let's talk potty training on the go.",2.24,False,False,False,False,False,False,False,False,False,False,False,False,False
results/pampersus/C5lyREIApvm_2024-04-10_18-13-47_UTC.wav, things i wish i knew before starting to potty train as a mom of three learning to pull underwear on,3.92,False,False,False,False,False,False,False,False,False,False,False,False,False
results/pampersus/C7SaJYMvtDP_2024-05-22_22-33-31_UTC_1.wav, I think I found the Holy Grail Baby Whites.,1.6600000000000001,False,False,False,False,False,False,False,False,False,False,False,False,False
results/pampersus/C8H-R1VpiBF_2024-06-12_17-48-35_UTC_1.wav," Traveling with babies, wipes edition.",1.7,False,False,False,False,False,False,False,False,False,False,False,False,False
results/pampersus/C-Lo_7ehvvY_2024-08-02_21-02-22_UTC.wav," Parenting, it's a wild ride, but nothing,",2.24,False,False,False,False,False,False,False,False,False,False,False,False,False
results/pampersus/C59xBnCM_af_2024-04-20_01-39-52_UTC.wav," Hey guys, Mother's Day is coming up and I've decided to gift my amiga Cristina with some Pampers goodies.",5.5,False,False,False,False,False,False,False,False,False,False,False,False,False
results/pampersus/C74uLkWu-Yt_2024-06-06_19-40-41_UTC.wav, Come with me to the Pampers event in New York City.,2.64,False,False,False,False,False,False,False,False,False,False,False,False,False
results/pampersus/C7juemCM0Fp_2024-05-29_15-58-10_UTC_1.wav, I'm excited to be partnering with Pampers to tell you about Diaper Stash and I'm doing a $500 giveaway to help get parents ready for the new baby.,7.2,False,False,False,False,False,False,False,False,False,False,False,,
results/pampersus/C7kYDHHMM4Z_2024-05-29_22-02-42_UTC.wav, Our family is growing and I don't just mean baby boy.,2.8000000000000003,False,False,False,False,False,False,False,False,False,False,False,False,True
results/pampersus/DBKYrykxGEV_2024-10-15_22-55-27_UTC.wav, Did you know your baby should have on no clothes,1.94,False,False,False,False,False,False,False,False,False,False,False,True,False
results/pampersus/C8UVv9uJ3FW_2024-06-17_13-04-44_UTC_1.wav, So diaper duty is not my greatest strength.,1.76,False,False,False,False,False,False,False,False,False,False,False,False,False
results/pampersus/C3TTHtouoR4_2024-02-13_20-51-01_UTC_1.wav, We have a new deal on Pampers.,1.68,False,False,False,False,False,False,False,False,False,False,False,False,False
results/pampersus/C8xFwihP3V0_2024-06-28_17-04-47_UTC_1.wav," With two in diapers, it feels like we are constantly wiping booties and picking up messes.",4.04,False,False,False,False,False,False,False,False,False,False,False,False,False
results/pampersus/C-8jjrLSwpH_2024-08-21_21-01-14_UTC.wav, Redbirds singin' in the dead arm,2.0,False,False,False,False,False,False,False,False,False,False,False,False,False
results/pampersus/C8prl3Py58P_2024-06-25_20-00-11_UTC_1.wav," Potty training triplets is daunting, but pottytrainingwithpampers.com and Bluey are",6.8,False,False,False,False,False,False,False,False,False,False,False,,
results/pampersus/C8pDqmSOnDJ_2024-06-25_14-10-34_UTC.wav," If you are a potty training parent, this is for you.",2.0,False,False,False,False,False,False,False,False,False,False,False,False,False
results/pampersus/C5WjxAUv1md_2024-04-04_20-11-18_UTC_1.wav," Hi, and welcome to my Pulse Nap routine with Pampers, except I never took a nap today.",4.26,False,False,False,False,False,False,False,False,False,False,False,False,False
results/pampersus/C3LJ9nsghW9_2024-02-10_16-50-51_UTC_6.wav, Her.,1.36,False,False,False,False,False,False,False,False,False,False,False,False,False
results/pampersus/C-L7Ys8S255_2024-08-02_23-44-36_UTC.wav," Finally, the potty training journey is over for us, but the adventure doesn't end there.",5.4,False,False,False,False,False,False,False,False,False,False,False,False,False
results/pampersus/C8NKsmkPHkG_2024-06-14_18-13-52_UTC_1.wav, Hi and welcome to Potty Training School sponsored by Pampers.,3.56,False,False,False,False,False,False,False,False,False,False,False,False,False
results/pampersus/C8n8dAtNFnJ_2024-06-25_03-49-34_UTC_1.wav, My baby quite literally finds a way to make a mess every time he's in his car seat.,3.1,False,False,False,False,False,False,False,False,False,False,False,False,False
results/pampersus/C813nutxaEr_2024-06-30_13-43-35_UTC_1.wav," Hey Sammy, let's play a game. Hi, the PD Pals here and we're partnering with Pampers to play",5.64,False,False,False,False,False,False,False,False,False,False,False,False,False
results/pampersus/C9-Apt8JH7f_2024-07-28_13-59-07_UTC_5_1.wav, you,2.04,False,False,False,False,False,False,False,False,False,False,False,False,False
results/pampersus/C8XZPJSy2pU_2024-06-18_17-35-41_UTC_1.wav," No gatekeeping here, parents.",1.22,False,False,False,False,False,False,False,False,False,False,False,False,False
results/pampersus/C77RkcxR1HL_2024-06-07_19-32-54_UTC.wav, Welcome to the night shift. Let's restock this diaper cart.,3.12,False,False,False,False,False,False,False,False,False,False,False,False,False
results/pampersus/C8KaQQKP4ZX_2024-06-13_16-32-27_UTC_1.wav," We all know how stressful potty training can be, especially when you're a mom who's always on the go.",5.2,False,False,False,False,False,False,False,False,False,False,False,False,False
results/pampersus/C95YSx7hArU_2024-07-26_18-52-02_UTC_1.wav, Thank you.,29.98,False,False,False,False,False,False,False,False,False,False,False,,
results/pampersus/C8DY6Acto0C_2024-06-10_23-05-02_UTC_1.wav," We used to dread diaper changes because of our wiggly toddler, so we were so excited when Pampers reached out to partner with us.",6.54,False,False,False,False,False,False,False,False,False,False,False,,
results/pampersus/C8xKQVnPFrj_2024-06-28_17-45-17_UTC.wav," Let's head out for a family date at Target, but first, a quick diaper change with the",3.24,False,False,False,False,False,False,False,False,False,False,False,False,False
results/pampersus/C_yZ_AJJ8xX_2024-09-11_18-52-58_UTC_1.wav, Come with me as a mom of two throughout our morning. I am so excited to be partnering with,3.92,False,False,False,False,False,False,False,False,False,False,False,False,False
results/pampersus/C2lpu_rLcFG_2024-01-27_03-19-07_UTC_1.wav," I have never been a big Pampers fan, but one thing's for sure, they have me hooked now.",4.4,False,False,False,False,False,False,False,False,False,False,False,False,False
results/pampersus/C8dStCev-UU_2024-06-21_00-31-18_UTC.wav, Come with me to restock our favorite wipes at Family Dollar.,2.48,False,False,False,False,False,False,False,False,False,False,False,False,False
results/pampersus/DBCH6AsSoZA_2024-10-12_17-57-19_UTC.wav, Let me tell you why we're using the number one best diaper brand for our baby.,3.16,False,False,False,False,False,False,False,False,False,False,False,False,False
results/pampersus/C6w2XsvO45b_2024-05-09_21-45-32_UTC_1.wav," Soy protectora, soy cariñosa, soy abrazadora y soy llena de amor.",4.38,False,False,False,False,False,False,False,False,False,False,False,False,False
results/pampersus/C7wtMAOMsLv_2024-06-03_17-02-36_UTC.wav, Let me give y'all a glimpse into our changing routine.,2.0,False,False,False,False,False,False,False,False,False,False,False,False,False
results/pampersus/C8nlJQVMcqp_2024-06-25_00-30-43_UTC.wav," Okay, potty training parents, listen up.",1.6600000000000001,False,False,False,False,False,False,False,False,False,False,False,False,False
results/pampersus/DB1gbXivPyS_2024-11-01_16-49-59_UTC_1.wav, Guess who needs boxes of the new Pampers Swallows 360?,2.84,False,False,False,False,False,False,False,False,False,False,False,False,False
results/pampersus/DBeV82CvVW-_2024-10-23_16-55-55_UTC_1.wav," Mom life is crazy and messy with two under two, but Pampers has made my life a bit easier.",4.22,False,False,False,False,False,False,False,False,False,False,False,False,False
results/pampersus/C507vDKLAGD_2024-04-16_15-18-25_UTC.wav, Let's restock our diaper drawer with Pampers Cruisers 360.,3.12,False,False,False,False,False,False,False,False,False,False,False,False,False
results/pampersus/C2nJarErz2e_2024-01-27_17-14-18_UTC.wav, Are Pampers really the best diapers?,1.48,False,False,False,False,False,False,False,False,False,False,False,False,False
results/pampersus/DAmPXTRvGLk_2024-10-01_22-00-00_UTC.wav," So we have a ton going on in our home from rearranging the functionality to decorating for new baby, but...",5.12,False,False,False,False,False,False,False,False,False,False,False,False,False
results/pampersus/C7RZXuNsRvY_2024-05-22_13-09-35_UTC_1.wav, I grew up in West Virginia. I was raised by my dad. We struggled quite a bit growing up.,9.700000000000001,False,False,False,False,False,False,False,False,False,False,False,,
results/pampersus/C6om6gFA3QA_2024-05-06_16-57-36_UTC_1.wav," As a mom of four, there are a lot of messes.",2.5,False,False,False,False,False,False,False,False,False,False,False,False,False
results/pampersus/C7UMllyRVAQ_2024-05-23_15-13-51_UTC.wav," As a toddler mom, changing diapers is like a mini wrestling match.",2.74,False,False,False,False,False,False,False,False,False,False,False,False,False
results/pampersus/C7g__78RCCw_2024-05-28_14-33-40_UTC.wav, Here are three places I always have a pack of the new Pampers Free and Gentle Wipes.,4.86,False,False,False,False,False,False,False,False,False,False,False,False,False
results/pampersus/C-EXfNpsxq6_2024-07-31_01-19-59_UTC_1.wav, Diaper changes are stress-free when you have the right wipes.,2.58,False,False,False,False,False,False,False,False,False,False,False,False,False
results/pampersus/C80N9R6u1j-_2024-06-29_22-38-52_UTC.wav, are four ways that you can prevent diaper dermatitis in a newborn with a big thank you,3.2600000000000002,False,False,False,False,False,False,False,False,False,False,False,False,False
results/pampersus/C-vJ_tlOYRR_2024-08-16_16-05-40_UTC.wav, Yay!,2.54,False,False,False,False,False,False,False,False,False,False,False,False,False
results/pampersus/DBUevVLS-e6_2024-10-19_21-05-07_UTC.wav, Look who I found.,1.56,False,False,False,False,False,False,False,False,False,False,False,False,False
results/pampersus/C83MZOaxgyB_2024-07-01_01-59-21_UTC.wav, Come with me to restock Accentures at Target.,2.6,False,False,False,False,False,False,False,False,False,False,False,False,False
results/pampersus/C6rEMyMMGhC_2024-05-07_15-54-49_UTC_1.wav, I'm so excited to partner with Pampers to try out their new free and gentle wipes.,5.12,False,False,False,False,False,False,False,False,False,False,False,False,False
results/pampersus/C8pP_T9Rtas_2024-06-25_15-58-56_UTC.wav, I'm really excited to partner with Pampers to show you their new free and gentle wipes.,3.38,False,False,False,False,False,False,False,False,False,False,False,False,False
results/pampersus/C8xfcUSyDhv_2024-06-28_20-47-01_UTC_1.wav," Thomas and I make everything a competition, including Benny's dirty diapers.",3.44,False,False,False,False,False,False,False,False,False,False,False,False,False
results/pampersus/C9-u8iASBN1_2024-07-28_20-48-42_UTC.wav, Hoy te voy a enseñar a cómo ahorrar dinero para comprar tus productos de Pumper y Dref,4.08,False,False,False,False,False,False,False,False,False,False,False,False,False
results/pampersus/C6yvoNBuotL_2024-05-10_15-27-01_UTC_1.wav, Pampers Cruisers 360 and Walmart are getting moms ready for the summer.,3.04,False,False,False,False,False,False,False,False,False,False,False,False,False
results/pampersus/C6op28WOxBJ_2024-05-06_17-28-16_UTC.wav, I am spending more time celebrating this Dia de las Madres by stocking up on Pampers.,4.48,False,False,False,False,False,False,False,False,False,False,False,False,False
results/pampersus/C6w1kPUr1FF_2024-05-10_01-07-11_UTC.wav, bringing you this video in partnership with pampers and walmart well it's official julian,6.16,False,False,False,False,False,False,False,False,False,False,False,,
results/pampersus/DAro7dfsqC5_2024-10-04_00-21-41_UTC.wav, Today we are gonna do a story time on this viral video and why we switch to Papers Pure Protection.,6.0600000000000005,False,False,False,False,False,False,False,False,False,False,False,,
results/pampersus/C7mMR5AOzuy_2024-05-30_14-56-59_UTC_1.wav, It's finally nearing summertime and Walmart and Pampers are helping us get ready for it.,3.86,False,False,False,False,False,False,False,False,False,False,False,False,False
results/pampersus/C8xTBtERygC_2024-06-28_19-00-02_UTC.wav, What are the most common causes of a diaper rash?,2.34,False,False,False,False,False,False,False,False,False,False,False,False,False
results/pampersus/C59Ry9VvqFn_2024-04-19_21-05-26_UTC_1.wav," This little guy is officially on the move and wriggling his way into and out of everything,",4.96,False,False,False,False,False,False,False,False,False,False,False,False,False
results/pampersus/C7146vMO2XJ_2024-06-05_17-18-04_UTC_1.wav," If you're in the midst of toddlerhood like myself, you know all too well the struggle of diaper",3.16,False,False,False,False,False,False,False,False,False,False,False,False,False
results/pampersus/C8xNz_auwbY_2024-06-28_18-13-12_UTC_1.wav, My mom thinks I can't get this diaper off. She said it's baby proof.,3.12,False,False,False,False,False,False,False,False,False,False,False,False,False
results/pampersus/C-EAjnYp9AR_2024-07-30_21-56-25_UTC_1.wav," I am so excited to partner with Pampers to share that for every Pampers Swaddlers huge pack purchased at Walmart,",6.6000000000000005,False,False,False,False,False,False,False,False,False,False,False,,
results/pampersus/DA4eyonJhiZ_2024-10-09_00-02-31_UTC_1.wav, Here's how to protect against four leading causes of diaper rash from a high-risk labor,3.34,False,False,False,False,False,False,False,False,False,False,False,True,False
results/pampersus/DBCCSeMS-70_2024-10-12_17-07-16_UTC_1.wav, I wish I knew this before I had three kids in three years.,2.62,False,False,False,False,False,False,False,False,False,False,False,False,False
results/pampersus/C8H38rlgVtM_2024-06-12_16-58-38_UTC.wav," dance party, dance party, woo woo!",2.66,False,False,False,False,False,False,False,False,False,False,False,False,False
results/pampersus/C-sk0rlx3-A_2024-08-15_16-00-00_UTC.wav, I'm a potty training mom. Of course I get so excited when my daughter goes in the potty.,6.0,False,False,False,False,False,False,False,False,False,False,False,,
results/pampersus/C5gr8hPRYVp_2024-04-08_18-36-40_UTC_1.wav, Three road trip hacks you need to stop at Walmart for.,2.48,False,False,False,False,False,False,False,False,False,False,False,False,True
results/pampersus/C77EXWQR2N-_2024-06-07_17-31-28_UTC.wav," As a pediatric occupational therapist, I know how important it is to choose the right diaper for baby's development.",4.92,False,False,False,False,False,False,False,False,False,False,False,False,False
results/pampersus/C48RMElLZ1Y_2024-03-25_15-13-05_UTC_1.wav, Spend the morning with me as a Pampers mom,1.68,False,False,False,False,False,False,False,False,False,False,False,False,False
results/pampersus/C7Zx59BRLiM_2024-05-25_19-16-09_UTC_1.wav," Come with me, a New York City mom of almost five to spend the afternoon with Pampers.",3.54,False,False,False,False,False,False,False,False,False,False,False,False,False
results/pampersus/C-EIa8wS7Hm_2024-07-30_23-03-29_UTC_1.wav, Are you tired of the diaper struggles?,2.0,False,False,False,False,False,False,False,False,False,False,False,False,False
results/pampersus/DB1rCVTJU-I_2024-11-01_18-25-00_UTC_1.wav," Listen, three kids, lots of diapers later, I have to admit, this is definitely on my favorites list.",4.0200000000000005,False,False,False,False,False,False,False,False,False,False,False,False,False
results/pampersus/C7jpJS1sdL3_2024-05-29_15-11-57_UTC_1.wav, I am so excited to partner with Pampers to spread the word about diaper stash.,3.7,False,False,False,False,False,False,False,False,False,False,False,False,False
results/pampersus/C7Un4XwJMN6_2024-05-23_19-15-00_UTC_1.wav, Changing diapers doesn't have to be a battle.,2.38,False,False,False,False,False,False,False,False,False,False,False,False,False
results/pampersus/C83B1EpMdep_2024-07-01_00-23-35_UTC_1.wav, Did you know that 70% of healthy babies experience a diaper rash within the first seven days of life?,6.12,False,False,False,False,False,False,False,False,False,False,False,,
results/pampersus/C8udH1LPvhn_2024-06-27_16-30-39_UTC.wav," Riley is ready to be a big girl and tackle potty training, but I'm not quite ready to become a full-time laundromat.",6.46,False,False,False,False,False,False,False,False,False,False,False,,
results/pampersus/C8uUSrWpzqv_2024-06-27_15-14-31_UTC.wav," Hey guys, I'm excited to be partnering up with Pampers.",2.08,False,False,False,False,False,False,False,False,False,False,False,False,False
results/pampersus/C7ZGPj5AFhq_2024-05-25_12-53-49_UTC.wav, with me as i partner with pampers and go behind the scenes to see their latest product the pampers,4.88,False,False,False,False,False,False,False,False,False,False,False,False,False
results/pampersus/C5EvBVIANf7_2024-03-28_22-03-25_UTC.wav," Over the years, our house has been stocked with Pampers products, including Pampers Easy Ups.",4.84,False,False,False,False,False,False,False,False,False,False,False,False,False
results/pampersus/C8Fg-OnPHPJ_2024-06-11_18-54-23_UTC.wav, Prep with me for potty training brought to you by Pampers Easy Ups and their partnership with Bluey.,3.3200000000000003,False,False,False,False,False,False,False,False,False,False,False,False,False
results/pampersus/C2yS1sdsf3e_2024-02-01_01-08-25_UTC.wav," You know, I used to be the perfect mom when my kids were still imaginary.",4.28,False,False,False,False,False,False,False,False,False,False,False,False,False
results/pampersus/C6hDjz_g82H_2024-05-03_18-35-10_UTC_1.wav," Parents, don't let this be you.",1.92,False,False,False,False,False,False,False,False,False,False,False,False,True
results/pampersus/C22PvAPOMiJ_2024-02-02_13-59-07_UTC.wav," Hi, I'm Jen from Teen Bump and today we are chatting with one of my favorite people, Julie",16.88,False,False,False,False,False,False,False,False,False,False,False,,
results/pampersus/C8hO4jkOQgl_2024-06-22_13-14-34_UTC.wav," As a first time mom who is about to enter her 2 under 2 era, the process of potty training",6.0,False,False,False,False,False,False,False,False,False,False,False,,
results/pampersus/C_sZ6jMO4qj_2024-09-09_10-59-11_UTC_1.wav, This was the first thing I handed to new parents,2.06,False,False,False,False,False,False,False,False,False,False,False,False,False
results/pampersus/C43eNA_gfMM_2024-03-23_18-31-18_UTC.wav, Did you know that using the wrong diaper can cause diaper rash?,2.92,False,False,False,False,False,False,False,False,False,False,False,True,False
results/pampersus/C7oyxBVgHIp_2024-05-31_15-13-39_UTC_1.wav," If you are a toddler mom like I am, then you know how quickly diaper changing time can morph from a sweet, happy bonding time to an all-out wrestling match.",7.88,False,False,False,False,False,False,False,False,False,False,False,,
results/pampersus/C8fLGU5O-W8_2024-06-21_18-05-19_UTC.wav, Follow me along for my baby's night routine.,1.92,False,False,False,False,False,False,False,False,False,False,False,False,False
results/pampersus/DA6oTXQSCRn_2024-10-09_20-12-37_UTC_1.wav, You're going to want to run to Walmart for this deal.,2.22,False,False,False,False,False,False,False,False,False,False,False,False,False
results/pampersus/C5g-9THrKnN_2024-04-08_21-21-28_UTC.wav, baby proof in the house right? We're gonna use Pampers Cruisers 360 from Walmart to baby proof,5.68,False,False,False,False,False,False,False,False,False,False,False,False,False
results/pampersus/C6zAvZngvwg_2024-05-10_17-55-30_UTC.wav, This video is sponsored by Pampers.,2.24,False,False,False,False,False,False,False,False,False,False,False,False,False
results/pampersus/C8w-HlTJSYx_2024-06-28_15-59-14_UTC_1.wav," Ah, rested and ready to wreak havoc.",2.14,False,False,False,False,False,False,False,False,False,False,False,False,False
results/pampersus/C7E44h-OtbZ_2024-05-17_16-33-27_UTC.wav," Come along with me to Sam's Club as I take full advantage of the $5 instant savings on all Pampers, diapers, and wipes.",5.12,False,False,False,False,False,False,False,False,False,False,False,False,False
results/pampersus/C3bBGTAuHCN_2024-02-16_20-44-28_UTC_1.wav, We need to run because we have an amazing deal happening right now at Sam's Club on the Pampers Cruisers 360 diapers.,7.28,False,False,False,False,False,False,False,False,False,False,False,,
results/pampersus/C8vXV0dPIKf_2024-06-28_00-58-52_UTC_1.wav," My number one tip for diaper changes with your little alligator, I mean, baby, get a wipe that",4.38,False,False,False,False,False,False,False,False,False,False,False,True,False
results/pampersus/C7pIiNyuBoE_2024-05-31_18-21-50_UTC_1.wav, Let's talk about real parenting struggles and how much of a hassle diaper changes can be with these active babies.,6.140000000000001,False,False,False,False,False,False,False,False,False,False,False,,
results/pampersus/C761XVSu5iS_2024-06-07_15-21-28_UTC.wav," The past three summers, I've either been pregnant or postpartum, but this summer, I have a new challenge to tackle, which is potty training.",7.44,False,False,False,False,False,False,False,False,False,False,False,,
results/pampersus/C8njDanOaAF_2024-06-25_00-07-21_UTC.wav," What goes in must come out, and that's why I'm so excited to be partnering with Pampers and their brand new Free and Gentle Wipes.",6.4,False,False,False,False,False,False,False,False,False,False,False,,
results/pampersus/C6aAfTrRNNy_2024-05-01_00-53-07_UTC_1.wav," Today, I'm so excited to partner with Pampers",2.3000000000000003,False,False,False,False,False,False,False,False,False,False,False,False,False
results/pampersus/C6jklsmvMB4_2024-05-04_18-11-06_UTC_1.wav," Potty training just got more exciting with Pampers Easy Ups, now in Bluey themed prints.",4.74,False,False,False,False,False,False,False,False,False,False,False,False,False
results/pampersus/C7j23xUR-1B_2024-05-29_17-13-11_UTC.wav," We're expecting our second baby and my family surprised me with the perfect gift, a Pampers",4.0200000000000005,False,False,False,False,False,False,False,False,False,False,False,False,False
results/pampersus/C8up0J_pIMt_2024-06-27_18-20-07_UTC_1.wav, my 17-month-old's journey to potty independence sponsored by Pampers Easy Ups. They're up to 100%,6.0,False,False,False,False,False,False,False,False,False,False,False,,
results/pampersus/C7LNJ7-rvmr_2024-05-20_03-28-04_UTC_1.wav, You know your Mexican when your baby walk around like that,6.5,False,False,False,False,False,False,False,False,False,False,False,,
results/pampersus/C_1ZZFdS2BR_2024-09-12_22-45-54_UTC.wav, You see how I'm restocking the diaper drawer with only one diaper left?,4.0,False,False,False,False,False,False,False,False,False,False,False,False,False
results/pampersus/C7M7LjauTyq_2024-05-20_19-26-43_UTC.wav, Here's the secret to staying clean with multiple kids.,2.16,False,False,False,False,False,False,False,False,False,False,False,True,False
results/pampersus/C_1d7I7ubKP_2024-09-12_23-25-25_UTC_1.wav," Y'all, I can't believe it's officially birth month, but as a doctor and first-time mama, I definitely have nerves anticipating baby girl's arrival.",6.88,False,False,False,False,False,False,False,False,False,False,False,,
results/pampersus/C8U1yPWv21j_2024-06-17_17-45-45_UTC_1.wav," When it comes to potty training, I feel like I'm the one that needs the actual training on how to",4.18,False,False,False,False,False,False,False,False,False,False,False,True,False
results/pampersus/C7kbcy-smRp_2024-05-29_22-31-05_UTC_1.wav, I used to show up to baby showers like this.,3.54,False,False,False,False,False,False,False,False,False,False,False,False,False
results/pampersus/C8udESnRVSU_2024-06-27_16-30-03_UTC_1.wav," Our toddler has officially entered his potty training era and as first time parents, we were overwhelmed.",4.14,False,False,False,False,False,False,False,False,False,False,False,False,False
results/pampersus/C-X4rNDMWji_2024-08-07_15-10-06_UTC_1.wav, not to be dramatic but my life would not be the same without these new pampers free and gentle,4.68,False,False,False,False,False,False,False,False,False,False,False,False,False
results/pampersus/C5yvfemPpXU_2024-04-15_18-56-30_UTC.wav, we are about to take on our biggest challenge yet.,3.44,False,False,False,False,False,False,False,False,False,False,False,False,False
results/pampersus/C8rgy4rgyly_2024-06-26_13-04-39_UTC.wav, so,2.0,False,False,False,False,False,False,False,False,False,False,False,False,False
results/pampersus/DAlxuF7P_WK_2024-10-01_17-42-51_UTC_1.wav," I'm officially one week postpartum, so let's restock my bedside caddy for our baby girl.",4.46,False,False,False,False,False,False,False,False,False,False,False,False,False
results/pampersus/C7xKWw6S4v1_2024-06-03_21-13-06_UTC.wav, You know that saying that says name something that isn't an Olympic sport but feels like an Olympic sport?,4.14,False,False,False,False,False,False,False,False,False,False,False,False,False
results/pampersus/C_0awDqOUy0_2024-09-12_13-39-15_UTC.wav, Want to know the secret to keeping your baby's skin healthy and happy?,2.62,False,False,False,False,False,False,False,False,False,False,False,True,False
results/pampersus/C717jWBRj4Z_2024-06-05_17-41-59_UTC.wav, Moms are amazing and deserve to be pampered.,2.2800000000000002,False,False,False,False,False,False,False,False,False,False,False,False,False
results/pampersus/C6w4BnRx79C_2024-05-09_22-00-39_UTC.wav," Dipper changes have become an extreme sport lately, so I'm headed to Walmart to try the Pampers Cruisers 360.",4.8,False,False,False,False,False,False,False,False,False,False,False,False,False
results/pampersus/C8w4lHKAYxC_2024-06-28_15-12-12_UTC.wav, This video is sponsored by Pampers.,1.7,False,False,False,False,False,False,False,False,False,False,False,False,False
results/pampersus/C6y2BoCL_F-_2024-05-10_16-20-50_UTC.wav," As a mom of three with two being toddlers, there are so many products that I've loved that keep the stage of motherhood a little bit more manageable, and Pampers Cruisers 360 is definitely one of them.",9.42,False,False,False,False,False,False,False,False,False,False,False,,
results/pampersus/C8xbXsPhjyU_2024-06-28_20-12-26_UTC_1.wav, Four reasons why Pampers Swatlers remains my top choice as a derm who treats diaper,4.54,False,False,False,False,False,False,False,False,False,False,False,False,False
results/pampersus/C6yz7AzLf6Q_2024-05-10_16-04-02_UTC_1.wav," Pampers over Huggies, you say?",1.5,False,False,False,False,True,False,False,False,False,False,False,False,False
results/pampersus/C-nw4gyyYc__2024-08-13_19-12-00_UTC_1.wav, Are you feeling nervous about potty training your toddler for the first time? I know I was.,4.12,False,False,False,False,False,False,False,False,False,False,False,False,False
results/pampersus/C8X_E4dp9G4_2024-06-18_23-04-55_UTC_1.wav," I mean, guys, I'm going to H-E-V to pick up my new favorite wipes, Pampers Free and Gentle, that make my life so much easier and help me spend less time cleaning up messes.",8.540000000000001,False,False,False,False,False,False,False,False,False,False,False,,
results/pampersus/C_GafXNJb-a_2024-08-25_16-51-20_UTC.wav," Isn't it neat? Wouldn't you think my collection's complete? Wouldn't you think I'm the girl, the girl who has everything?",10.06,False,False,False,False,False,False,False,False,False,False,False,,
results/pampersus/DBR1DZivO14_2024-10-18_20-20-25_UTC_1.wav, Preparar a Abby para el día siempre será mi actividad favorita.,2.7800000000000002,False,False,False,False,False,False,False,False,False,False,False,False,False
results/pampersus/C7olDiDOpXR_2024-05-31_13-11-51_UTC.wav," Today, the girls had the best meal day. They received the new Pampers Swaddlers 360. In our",4.0,False,False,False,False,False,False,False,False,False,False,False,False,False
results/pampersus/C5G83r-uEyy_2024-03-29_18-42-54_UTC.wav," Make room on my plate, I just said my grace",2.82,False,False,False,False,False,False,False,False,False,False,False,False,False
results/pampersus/C-qWekER-UE_2024-08-14_19-18-29_UTC_1.wav," The perfect wipe didn't exist until now, you guys.",2.24,False,False,False,False,False,False,False,False,False,False,False,False,False
results/pampersus/C75M0emPXtA_2024-06-07_00-06-47_UTC_1.wav, My toddler is bluey obsessed.,0.9400000000000001,False,False,False,False,False,False,False,False,False,False,False,False,False
results/pampersus/C7wpAg-OpIc_2024-06-03_16-24-28_UTC.wav," So Pampers reached out to me and I was like, guys, if you want me to get pregnant, I will.",4.6000000000000005,False,False,False,False,False,False,False,False,False,False,False,False,False
results/pampersus/C8dLDlUtkzp_2024-06-20_23-25-11_UTC.wav," Hey y'all, I'm excited to partner with Pampers Easy Ups",2.38,False,False,False,False,False,False,False,False,False,False,False,False,False
results/pampersus/C8247EBuf3Q_2024-06-30_23-09-02_UTC.wav," Shelby, you're telling me it's already time to buy diapers for a baby that hasn't even been born yet?",4.96,False,False,False,False,False,False,False,False,False,False,False,False,False
results/pampersus/C9U9cauO3R8_2024-07-12_15-25-34_UTC.wav," Hey everyone, it's Danielle Brooks here,",2.18,False,False,False,False,False,False,False,False,False,False,False,False,False
results/pampersus/C8zQX9Suaub_2024-06-29_13-14-57_UTC.wav," It's Spaghetti Night in a Louis home, which means they'll be a big mess to clean.",3.12,False,False,False,False,False,False,False,False,False,False,False,False,False
results/pampersus/Cz8bipmghft_2023-11-22_10-09-29_UTC.wav," When they say she get it from her mama, I'ma say you fucking right, body rude is unpolite, done being a humble type, tell me is you down?",20.68,False,False,False,False,False,False,False,False,False,False,False,,
results/pampersus/C_txe9fshvU_2024-09-09_23-43-17_UTC_1.wav, I'm so happy to be partnering with Pampers to show you how Huggies Natural Care doesn't even compare to Pampers Free and Gentle Wipes.,5.96,False,False,False,False,True,False,False,False,False,False,False,False,False
results/pampersus/C7SP9VBOv1U_2024-05-22_21-06-29_UTC_1.wav," Hey y'all, it's Danielle Brooks here celebrating Mother's Day with Pampers Swaddlers 360.",6.0,False,False,False,False,False,False,False,False,False,False,False,,
results/pampersus/C6Jg_loubJf_2024-04-24_15-08-28_UTC_1.wav, Surely I'm not the only toddler mom out there who is completely overwhelmed by the thought of potty training.,3.92,False,False,False,False,False,False,False,False,False,False,False,False,False
results/pampersus/C8LY5gUxIyE_2024-06-14_01-43-00_UTC.wav, Real reason why I switched to Pampers Easy Ups?,2.14,False,False,False,False,False,False,False,False,False,False,False,False,False
results/pampersus/C8fyvTYgr1L_2024-06-21_23-51-30_UTC_1.wav, I am so excited to partner with Pampers because these free and gentle wipes have just become,5.0,False,False,False,False,False,False,False,False,False,False,False,False,False
results/pampersus/C_qGjQyJe-o_2024-09-08_13-47-31_UTC.wav, Thank you.,29.98,False,False,False,False,False,False,False,False,False,False,False,,
results/pampersus/C6tuT7IptOY_2024-05-08_16-39-14_UTC_1.wav, Bluey and Bingo!,1.36,False,False,False,False,False,False,False,False,False,False,False,False,False
results/pampersus/C8KbMrhuTZ6_2024-06-13_16-41-17_UTC.wav," Today, Kami and I are gonna test out",1.72,False,False,False,False,False,False,False,False,False,False,False,False,False
results/pampersus/DCCfgDJx_Fo_2024-11-06_17-59-25_UTC_1.wav, me preparo para la llegada de mi bebé estoy en plena etapa de nesting preparando el cuarto,4.18,False,False,False,False,False,False,False,False,False,False,False,False,False
results/pampersus/C9NpZJIS3cq_2024-07-09_19-35-24_UTC.wav," Hi, I'm Allison Felix. I'm an Olympian. I'm a mother and I'm a maternal health advocate.",4.96,False,False,False,False,False,False,False,False,False,False,False,False,False
results/pampersus/DBRE-_vpwxh_2024-10-18_13-21-06_UTC_1.wav," As a parent, I know how important it is to find products that you can trust.",3.48,False,False,False,False,False,False,False,False,False,False,False,False,False
results/pampersus/DBWjNbBvoud_2024-10-20_16-17-27_UTC_1.wav," Oh, John.",1.92,False,False,False,False,False,False,False,False,False,False,False,False,False
results/pampersus/C_f353aOIfz_2024-09-04_14-10-18_UTC.wav, I ran out of diapers for my Logan so come on me to HEB to go grab him some Pampers.,3.72,False,False,False,False,False,False,False,False,False,False,False,False,False
results/pampersus/C85gvKvyYuO_2024-07-01_23-39-27_UTC.wav," Oh, I love you, Miss.",2.56,False,False,False,False,False,False,False,False,False,False,False,False,False
results/theninjamas/C8LTlFYvKt2_2024-06-14_00-53-42_UTC_1.wav, I'm so excited to be partnering with Ninjamas.,2.18,False,False,False,False,False,False,False,False,False,False,True,False,False
results/theninjamas/DBbszl6RGAG_2024-10-22_16-18-05_UTC_1.wav," When you're a four-year-old, the world is all rainbows and unicorns, and that includes our favorite outfits to wear and our ninjamas nighttime underwear.",6.0,False,False,False,False,False,False,False,False,False,False,True,,
results/theninjamas/DBQ5OM6uEQ1_2024-10-18_11-37-03_UTC_1.wav, Do you know that 20% of five-year-olds wet the bed?,2.3000000000000003,False,False,False,False,False,False,False,False,False,False,False,False,False
results/theninjamas/C8NzOTEvIz0_2024-06-15_00-15-08_UTC.wav," Hey moms and dads, I'm here at the Alhambra Target partnering with Ninjamas to let you in on a good deal.",5.8,False,False,False,False,False,False,False,False,False,False,True,False,False
results/theninjamas/C7zzSp4vDK2_2024-06-04_21-48-22_UTC.wav," Hey babe, we're out.",1.2,False,False,False,False,False,False,False,False,False,False,False,False,False
results/theninjamas/DBZyJxJSi7B_2024-10-21_22-47-25_UTC_1.wav," Between home renovations during the day and nighttime potty training, life is non-stop.",5.28,False,False,False,False,False,False,False,False,False,False,False,False,True
results/theninjamas/DBZadHsPgLS_2024-10-21_19-00-37_UTC_1.wav, See how I do my night time routine?,3.0,False,False,False,False,False,False,False,False,False,False,False,False,False
results/theninjamas/C82l51EP5p-_2024-06-30_20-21-06_UTC.wav," This boy played in the Florida sun all day long,",3.2800000000000002,False,False,False,False,False,False,False,False,False,False,False,False,False
results/theninjamas/DBZcfWGSbJo_2024-10-21_19-18-01_UTC.wav," Nighttime routines can be chaotic, but thanks to Ninjamas, we can all rest easy knowing Liam will wake up dry.",6.48,False,False,False,False,False,False,False,False,False,False,True,,
results/theninjamas/DBaWN8rp6tg_2024-10-22_03-41-44_UTC.wav, These are our top potty training tips partnered with Najamas by Peppers.,4.66,False,False,False,False,False,False,False,False,False,False,False,False,False
results/theninjamas/C84eYppJ9BL_2024-07-01_13-55-02_UTC_1.wav," Did you know at age 5, 15% of kids still struggle with bedwetting?",4.44,False,False,False,False,False,False,False,False,False,False,False,True,False
results/theninjamas/DBMMf7pvcbR_2024-10-16_15-50-47_UTC_1.wav," Don't you think it's funny how you think you have this mom thing down and life's just like,",3.7600000000000002,False,False,False,False,False,False,False,False,False,False,False,False,True
results/theninjamas/C77ghArhJCK_2024-06-07_21-38-12_UTC_1.wav, This one is for all of my parents who love to shop at Target and love a good deal.,3.72,False,False,False,False,False,False,False,False,False,False,False,False,False
results/theninjamas/C8z8C6HuHxB_2024-06-29_19-35-57_UTC.wav, It's time to get these kids ready for bed.,1.48,False,False,False,False,False,False,False,False,False,False,False,False,False
